id,employee_id,role_id,factory_id,created_at,updated_at
1,1,1,,2024-01-01T08:00:00Z,2024-01-01T08:00:00Z
2,2,2,1,2024-01-01T08:00:00Z,2024-01-01T08:00:00Z
3,3,2,2,2024-01-01T08:00:00Z,2024-01-01T08:00:00Z
4,4,3,1,2024-01-01T08:00:00Z,2024-01-01T08:00:00Z
5,5,3,1,2024-01-01T08:00:00Z,2024-01-01T08:00:00Z
6,6,3,1,2024-01-01T08:00:00Z,2024-01-01T08:00:00Z
7,7,3,1,2024-01-01T08:00:00Z,2024-01-01T08:00:00Z
8,8,3,2,2024-01-01T08:00:00Z,2024-01-01T08:00:00Z
9,9,3,2,2024-01-01T08:00:00Z,2024-01-01T08:00:00Z
10,10,3,2,2024-01-01T08:00:00Z,2024-01-01T08:00:00Z
